,SHIPMENT_NUMBER,Record Timestamp,Delay (minutes)
0,SEZHUK-230918-245388,2023-10-10 20:21:00,725.691
1,SEZHUK-230921-246290,2023-10-02 02:01:00,1351.941
2,SEZHUK-230922-246664,2023-10-25 19:19:00,199.636
3,SEZHUK-230922-246665,2023-10-26 20:44:00,84.077
4,SEZHUK-230922-246672,2023-11-03 20:26:00,63.93499998333333
5,SEZHUK-230926-247516,2023-10-02 17:40:00,319.072
6,SEZHUK-230926-247519,2023-10-02 14:05:00,60.088
7,SEZHUK-230927-247978,2023-10-04 00:27:00,1178.287
8,SEZHUK-230927-247990,2023-10-08 00:51:00,5684.556
9,SEZHUK-230928-248315,2023-10-02 14:39:00,371.7239999833333
10,SEZHUK-230929-248502,2023-10-03 16:22:00,580.1229999833333
11,SEZHUK-230929-248513,2023-10-05 10:39:00,627.743
12,SEZHUK-230929-248516,2023-10-02 23:44:00,375.09
13,SEZHUK-230929-248517,2023-10-03 21:27:00,211.566
14,SEZHUK-230929-248518,2023-10-04 23:04:00,335.03700000000003
15,SEZHUK-230929-248519,2023-10-05 21:10:00,164.77100000000002
16,SEZHUK-230929-248520,2023-10-07 01:47:00,538.821
17,SEZHUK-230929-248581,2023-10-04 07:41:00,1195.906
18,SEZHUK-230929-248652,2023-10-03 14:39:00,257.5059999833333
19,SEZHUK-230929-248733,2023-10-04 13:16:00,19.744000000000003
20,SEZHUK-230929-248736,2023-10-04 10:04:00,98.652
21,SEZHUK-230930-249022,2023-10-01 19:24:00,15.498333333333331
22,SEZHUK-230930-249028,2023-10-01 15:20:00,15.765333333333333
23,SEZHUK-230930-249060,2023-10-02 08:12:00,8.544333333333332
24,SEZHUK-230930-249069,2023-10-02 12:51:00,121.15133333333333
25,SEZHUK-231001-249109,2023-10-03 01:16:00,199.55533333333327
26,SEZHUK-231001-249115,2023-10-02 17:00:00,165.29733333333334
27,SEZHUK-231001-249121,2023-10-02 12:42:00,231.60533333333333
28,SEZHUK-231001-249123,2023-10-02 22:10:00,163.40833333333333
29,SEZHUK-231001-249157,2023-10-06 07:08:00,45.08533331666667
30,SEZHUK-231001-249159,2023-10-08 19:55:00,2364.1853333333333
31,SEZHUK-231001-249177,2023-10-04 10:49:00,157.96433333333334
32,SEZHUK-231001-249178,2023-10-04 11:27:00,36.98633333333333
33,SEZHUK-231001-249180,2023-10-05 10:53:00,4.060333333333333
34,SEZHUK-231001-249181,2023-10-06 07:10:00,1373.8603333333333
35,SEZHUK-231001-249183,2023-10-15 05:22:00,12962.788333333334
36,SEZHUK-231001-249186,2023-10-06 10:25:00,5.301333333333333
37,SEZHUK-231001-249187,2023-10-07 08:22:00,12.222333333333331
38,SEZHUK-231001-249216,2023-10-06 12:24:00,21.502333333333336
39,SEZHUK-231001-249231,2023-10-03 10:42:00,195.04233333333332
40,SEZHUK-231001-249234,2023-10-05 10:32:00,2898.6493333333333
41,SEZHUK-231002-249260,2023-10-03 15:40:00,106.666
42,SEZHUK-231002-249324,2023-10-02 20:07:00,168.036
43,SEZHUK-231002-249409,2023-10-12 04:05:00,1313.687
44,SEZHUK-231002-249463,2023-10-12 11:15:00,157.829
45,SEZHUK-231003-249645,2023-10-06 00:25:00,308.8
46,SEZHUK-231003-249680,2023-10-04 22:09:00,163.39533333333333
47,SEZHUK-231003-249690,2023-10-04 15:48:00,3.6393333333333335
48,SEZHUK-231003-249735,2023-10-04 18:32:00,193.418
49,SEZHUK-231004-249770,2023-10-06 16:38:00,230.696
50,SEZHUK-231004-249839,2023-10-06 21:16:00,55.916
51,SEZHUK-231004-249903,2023-10-06 12:25:00,87.16799999999999
52,SEZHUK-231004-249904,2023-10-06 13:22:00,13.03
53,SEZHUK-231004-249911,2023-10-06 00:30:00,12.11
54,SEZHUK-231004-249974,2023-10-06 06:59:00,343.0849999833333
55,SEZHUK-231004-249993,2023-10-06 11:33:00,33.00899998333333
56,SEZHUK-231004-250063,2023-10-06 12:22:00,1260.832
57,SEZHUK-231004-250089,2023-10-05 12:39:00,148.95033331666667
58,SEZHUK-231004-250093,2023-10-05 17:56:00,169.37033333333332
59,SEZHUK-231004-250146,2023-10-12 18:05:00,150.351
60,SEZHUK-231005-250175,2023-10-09 10:05:00,4089.01
61,SEZHUK-231005-250200,2023-10-07 15:03:00,281.13499998333333
62,SEZHUK-231005-250254,2023-10-12 04:02:00,4495.157
63,SEZHUK-231005-250291,2023-10-15 02:18:00,2815.311
64,SEZHUK-231005-250378,2023-10-14 04:15:00,5689.3659999833335
65,SEZHUK-231005-250403,2023-10-07 22:40:00,2405.369
66,SEZHUK-231005-250431,2023-10-07 02:47:00,2.012
67,SEZHUK-231005-250480,2023-10-26 07:07:00,28707.991999983333
68,SEZHUK-231005-250508,2023-10-09 14:16:00,55.38799998333333
69,SEZHUK-231005-250516,2023-10-06 21:32:00,413.65633333333335
70,SEZHUK-231005-250555,2023-10-06 17:29:00,172.84900000000002
71,SEZHUK-231006-250648,2023-10-10 09:45:00,3163.971
72,SEZHUK-231006-250684,2023-10-11 02:17:00,1432.6160000000002
73,SEZHUK-231006-250696,2023-10-10 20:13:00,108.006
74,SEZHUK-231006-250743,2023-10-09 22:01:00,1.919
75,SEZHUK-231006-250751,2023-10-26 21:03:00,23641.705
76,SEZHUK-231006-250763,2023-10-07 13:49:00,9.060333333333334
77,SEZHUK-231006-250809,2023-10-07 23:41:00,311.9353333333333
78,SEZHUK-231006-250823,2023-10-08 07:50:00,99.44033333333331
79,SEZHUK-231006-250834,2023-10-10 17:49:00,1606.619
80,SEZHUK-231007-250907,2023-10-18 11:33:00,11034.197999983331
81,SEZHUK-231007-250941,2023-10-08 20:39:00,379.1273333333333
82,SEZHUK-231007-250946,2023-10-08 20:13:00,528.0773333333333
83,SEZHUK-231007-250951,2023-10-08 20:30:00,408.17033333333336
84,SEZHUK-231007-250977,2023-10-08 11:04:00,4.558333316666666
85,SEZHUK-231008-250993,2023-10-09 17:00:00,226.59233333333336
86,SEZHUK-231008-251010,2023-10-09 20:29:00,2.896333316666667
87,SEZHUK-231008-251020,2023-10-09 18:42:00,317.11733333333336
88,SEZHUK-231008-251044,2023-10-11 12:46:00,375.17333333333335
89,SEZHUK-231008-251052,2023-10-11 08:46:00,88.96133333333334
90,SEZHUK-231008-251057,2023-10-14 11:51:00,8.185333333333334
91,SEZHUK-231008-251080,2023-10-17 11:51:00,7571.724
92,SEZHUK-231008-251088,2023-10-13 15:29:00,589.7463333333333
93,SEZHUK-231008-251137,2023-10-13 13:56:00,176.46899998333336
94,SEZHUK-231009-251163,2023-10-11 12:07:00,28.831
95,SEZHUK-231009-251170,2023-10-11 08:38:00,2.3429999833333333
96,SEZHUK-231009-251211,2023-10-11 22:09:00,274.889
97,SEZHUK-231009-251225,2023-10-12 14:01:00,175.065
98,SEZHUK-231009-251226,2023-10-12 07:02:00,25.983
99,SEZHUK-231009-251253,2023-10-20 10:59:00,14605.336
100,SEZHUK-231009-251269,2023-10-11 10:44:00,104.004
101,SEZHUK-231009-251270,2023-11-10 09:44:00,104.72899998333334
102,SEZHUK-231010-251577,2023-10-18 20:16:00,784.043
103,SEZHUK-231011-251771,2023-10-15 08:48:00,2473.333
104,SEZHUK-231011-251774,2023-10-13 15:39:00,400.568
105,SEZHUK-231011-251779,2023-10-17 10:31:00,5479.827
106,SEZHUK-231011-251780,2023-10-13 11:55:00,0.052
107,SEZHUK-231011-251821,2023-10-14 09:58:00,19.012
108,SEZHUK-231011-251891,2023-10-13 09:02:00,241.04499998333333
109,SEZHUK-231011-251902,2023-10-16 11:30:00,4673.554
110,SEZHUK-231011-252044,2023-10-13 12:06:00,86.235
111,SEZHUK-231011-252048,2023-10-16 14:06:00,4160.812
112,SEZHUK-231011-252049,2023-10-13 06:00:00,56.354
113,SEZHUK-231011-252050,2023-10-12 15:34:00,65.46533333333333
114,SEZHUK-231011-252079,2023-10-13 17:31:00,1497.9043333333332
115,SEZHUK-231012-252137,2023-10-16 13:23:00,4398.375
116,SEZHUK-231012-252460,2023-10-20 01:44:00,5664.334
117,SEZHUK-231012-252473,2023-10-20 10:50:00,10439.366
118,SEZHUK-231012-252477,2023-10-14 10:49:00,84.89200000000001
119,SEZHUK-231012-252490,2023-10-16 15:28:00,150.29199998333334
120,SEZHUK-231012-252497,2023-10-16 08:32:00,81.62999998333333
121,SEZHUK-231012-252502,2023-10-24 05:10:00,295.4199999833333
122,SEZHUK-231012-252509,2023-10-27 01:16:00,5797.574
123,SEZHUK-231012-252531,2023-10-16 19:05:00,65.625
124,SEZHUK-231012-252611,2023-10-13 19:34:00,94.49133333333332
125,SEZHUK-231012-252624,2023-10-13 12:01:00,142.61533333333333
126,SEZHUK-231012-252626,2023-10-13 16:11:00,42.11033333333333
127,SEZHUK-231013-252688,2023-10-16 16:03:00,205.22
128,SEZHUK-231013-252718,2023-10-17 09:48:00,316.12
129,SEZHUK-231013-252750,2023-10-16 19:19:00,108.147
130,SEZHUK-231013-252751,2023-10-17 21:37:00,127.222
131,SEZHUK-231013-252752,2023-10-18 22:58:00,369.815
132,SEZHUK-231013-252755,2023-10-20 20:56:00,179.124
133,SEZHUK-231013-252763,2023-10-16 13:42:00,689.612
134,SEZHUK-231013-252773,2023-10-17 19:17:00,52.025
135,SEZHUK-231013-252844,2023-10-17 15:44:00,349.339
136,SEZHUK-231013-252849,2023-10-18 11:22:00,1877.79
137,SEZHUK-231013-252852,2023-10-17 14:22:00,335.127
138,SEZHUK-231013-252863,2023-10-14 17:36:00,2.8903333166666667
139,SEZHUK-231013-252870,2023-10-14 11:34:00,166.05333331666668
140,SEZHUK-231013-252879,2023-10-14 18:13:00,16.430333333333333
141,SEZHUK-231013-252890,2023-10-14 14:43:00,130.0203333166667
142,SEZHUK-231013-252948,2023-10-17 18:10:00,568.168
143,SEZHUK-231013-252951,2023-10-15 11:09:00,69.64699999999999
144,SEZHUK-231014-253020,2023-10-31 06:33:00,5733.28
145,SEZHUK-231014-253095,2023-10-17 05:57:00,881.668
146,SEZHUK-231014-253122,2023-10-15 20:02:00,192.94333333333333
147,SEZHUK-231014-253126,2023-10-15 17:04:00,1.3023333333333331
148,SEZHUK-231014-253133,2023-10-20 15:02:00,7373.422333316667
149,SEZHUK-231014-253169,2023-10-15 19:05:00,304.6693333333333
150,SEZHUK-231015-253204,2023-10-24 13:06:00,6686.205
151,SEZHUK-231016-253270,2023-10-17 12:09:00,61.734
152,SEZHUK-231016-253279,2023-10-25 19:23:00,10727.477
153,SEZHUK-231016-253292,2023-10-18 20:14:00,0.7699999833333333
154,SEZHUK-231016-253422,2023-10-18 03:28:00,33.466
155,SEZHUK-231016-253423,2023-10-18 10:26:00,134.476
156,SEZHUK-231016-253450,2023-10-17 15:53:00,273.642
157,SEZHUK-231016-253460,2023-10-25 18:15:00,11870.279333316666
158,SEZHUK-231016-253469,2023-10-17 18:09:00,117.78133333333334
159,SEZHUK-231016-253480,2023-10-17 13:53:00,116.613
160,SEZHUK-231016-253505,2023-10-18 14:48:00,1610.247999983333
161,SEZHUK-231016-253565,2023-10-20 09:55:00,240.4573333333333
162,SEZHUK-231016-253604,2023-10-19 12:46:00,252.58799998333333
163,SEZHUK-231016-253615,2023-11-20 02:05:00,42998.62133333333
164,SEZHUK-231016-253625,2023-10-18 13:35:00,337.3519999833333
165,SEZHUK-231017-253664,2023-10-19 13:17:00,1534.7259999833334
166,SEZHUK-231017-253695,2023-10-20 10:02:00,62.412
167,SEZHUK-231017-253698,2023-10-19 10:07:00,94.426
168,SEZHUK-231017-253756,2023-10-19 11:47:00,52.87399998333333
169,SEZHUK-231017-253774,2023-10-27 10:50:00,13185.485
170,SEZHUK-231017-253793,2023-10-19 17:32:00,93.156
171,SEZHUK-231017-253829,2023-10-19 11:36:00,53.01199999999999
172,SEZHUK-231017-253875,2023-10-18 14:41:00,173.663
173,SEZHUK-231018-253901,2023-10-20 14:30:00,54.295
174,SEZHUK-231018-253947,2023-10-18 15:22:00,314.1809999833333
175,SEZHUK-231018-253989,2023-10-20 06:57:00,0.021
176,SEZHUK-231018-254026,2023-10-20 19:40:00,75.93900000000001
177,SEZHUK-231018-254065,2023-10-20 09:55:00,0.294
178,SEZHUK-231018-254072,2023-10-20 06:31:00,94.228
179,SEZHUK-231018-254103,2023-10-25 22:32:00,183.962
180,SEZHUK-231018-254109,2023-10-25 23:35:00,359.423
181,SEZHUK-231018-254110,2023-10-26 21:52:00,200.126
182,SEZHUK-231018-254111,2023-10-27 21:03:00,147.83899998333334
183,SEZHUK-231018-254118,2023-10-25 21:17:00,7302.226
184,SEZHUK-231018-254120,2023-10-23 13:09:00,4592.673
185,SEZHUK-231018-254122,2023-10-20 13:06:00,332.742
186,SEZHUK-231018-254127,2023-10-20 11:12:00,1541.135
187,SEZHUK-231018-254128,2023-10-20 06:17:00,14.945
188,SEZHUK-231018-254183,2023-10-20 15:02:00,98.369
189,SEZHUK-231018-254187,2023-10-20 11:07:00,12.131
190,SEZHUK-231018-254220,2023-10-30 00:23:00,13450.167
191,SEZHUK-231019-254249,2023-10-23 08:00:00,1.988
192,SEZHUK-231019-254336,2023-10-25 08:04:00,283.817
193,SEZHUK-231019-254383,2023-10-26 14:52:00,3704.346
194,SEZHUK-231019-254392,2023-10-21 13:53:00,115.096
195,SEZHUK-231019-254411,2023-10-21 22:32:00,34.099000000000004
196,SEZHUK-231019-254541,2023-11-14 11:09:00,29446.724999983333
197,SEZHUK-231019-254545,2023-11-14 11:33:00,25150.401
198,SEZHUK-231019-254548,2023-11-14 11:24:00,26581.576999983336
199,SEZHUK-231019-254555,2023-11-14 11:16:00,28013.792
200,SEZHUK-231019-254563,2023-10-20 23:52:00,24.615
201,SEZHUK-231019-254604,2023-10-23 17:57:00,119.56399998333332
202,SEZHUK-231019-254715,2023-11-17 09:38:00,107.788
203,SEZHUK-231020-254729,2023-10-25 08:25:00,26.513
204,SEZHUK-231020-254831,2023-10-25 02:09:00,106.544
205,SEZHUK-231020-254906,2023-11-03 08:59:00,44.033
206,SEZHUK-231020-254949,2023-10-24 09:24:00,54.033
207,SEZHUK-231020-254950,2023-11-01 09:48:00,0.132
208,SEZHUK-231020-255003,2023-10-23 13:42:00,191.339
209,SEZHUK-231020-255010,2023-10-23 16:56:00,376.443
210,SEZHUK-231020-255024,2023-10-24 06:48:00,45.115
211,SEZHUK-231020-255072,2023-10-24 12:55:00,30.866999983333336
212,SEZHUK-231020-255078,2023-12-20 06:00:00,0.33
213,SEZHUK-231020-255079,2023-12-20 05:53:00,40.225
214,SEZHUK-231020-255080,2023-12-20 03:30:00,0.365
215,SEZHUK-231021-255217,2023-10-22 18:42:00,4.825333333333333
216,SEZHUK-231022-255366,2023-10-26 06:36:00,109.34033333333332
217,SEZHUK-231022-255396,2023-10-27 12:34:00,113.10733333333332
218,SEZHUK-231023-255537,2023-10-25 12:56:00,1356.273
219,SEZHUK-231023-255538,2023-10-26 09:56:00,2630.068999983333
220,SEZHUK-231023-255569,2023-10-25 11:26:00,1.905
221,SEZHUK-231024-255885,2023-10-26 10:53:00,23.598000000000003
222,SEZHUK-231024-255916,2023-10-25 06:02:00,84.359
223,SEZHUK-231024-255946,2023-10-30 15:03:00,5468.514
224,SEZHUK-231024-255968,2023-10-26 14:50:00,104.067
225,SEZHUK-231024-256041,2023-10-25 19:53:00,298.4
226,SEZHUK-231024-256043,2023-10-28 14:52:00,3195.717
227,SEZHUK-231024-256044,2023-10-26 08:39:00,6.718
228,SEZHUK-231024-256045,2023-10-31 19:38:00,7805.679999999999
229,SEZHUK-231024-256046,2023-10-29 15:39:00,4946.389999983334
230,SEZHUK-231024-256049,2023-10-25 09:12:00,2.546
231,SEZHUK-231024-256054,2023-10-26 17:01:00,718.6279999833333
232,SEZHUK-231025-256108,2023-10-27 12:58:00,53.36
233,SEZHUK-231025-256168,2023-11-07 21:12:00,125.15699998333334
234,SEZHUK-231025-256170,2023-11-09 20:17:00,93.326
235,SEZHUK-231025-256171,2023-11-10 20:57:00,110.473
236,SEZHUK-231025-256208,2023-10-27 10:48:00,26.35399998333333
237,SEZHUK-231025-256214,2023-11-06 15:47:00,10533.833
238,SEZHUK-231025-256226,2023-11-01 13:52:00,9105.335
239,SEZHUK-231025-256228,2023-10-27 06:54:00,31.072
240,SEZHUK-231025-256236,2023-11-07 08:02:00,1.171
241,SEZHUK-231025-256290,2023-11-10 08:47:00,32.023
242,SEZHUK-231025-256297,2023-11-08 18:39:00,97.149
243,SEZHUK-231025-256368,2023-11-08 08:25:00,18901.802000000003
244,SEZHUK-231025-256373,2023-11-03 09:23:00,4659.107
245,SEZHUK-231025-256392,2023-10-27 02:53:00,67.59099998333333
246,SEZHUK-231025-256539,2023-11-09 17:23:00,20588.387
247,SEZHUK-231025-256542,2023-10-27 13:08:00,1598.558
248,SEZHUK-231026-256725,2023-10-28 07:47:00,189.417
249,SEZHUK-231026-256749,2023-10-30 15:41:00,4451.857999999999
250,SEZHUK-231026-256755,2023-10-28 08:25:00,37.176
251,SEZHUK-231026-256778,2023-11-01 10:21:00,1559.805999983333
252,SEZHUK-231026-256841,2023-11-02 11:24:00,8668.979
253,SEZHUK-231026-256843,2023-10-27 14:41:00,510.4313333333333
254,SEZHUK-231026-256856,2023-11-02 11:37:00,8750.317000000001
255,SEZHUK-231026-256861,2023-10-30 10:48:00,113.129
256,SEZHUK-231026-256879,2023-10-30 12:36:00,48.948
257,SEZHUK-231026-256883,2023-10-30 10:20:00,1.846
258,SEZHUK-231026-256896,2023-11-14 07:31:00,25961.947
259,SEZHUK-231026-256940,2023-10-28 02:53:00,155.692
260,SEZHUK-231026-256971,2023-10-27 15:43:00,29.084999983333333
261,SEZHUK-231027-257030,2023-11-03 09:31:00,31.161
262,SEZHUK-231027-257045,2023-11-03 11:46:00,52.648
263,SEZHUK-231027-257079,2023-10-31 21:32:00,38.016
264,SEZHUK-231027-257095,2023-11-06 07:20:00,20.689999983333333
265,SEZHUK-231027-257111,2023-11-02 02:49:00,94.61
266,SEZHUK-231027-257149,2023-11-03 03:54:00,84.03999999999999
267,SEZHUK-231027-257178,2023-10-31 11:05:00,41.018
268,SEZHUK-231027-257188,2023-11-01 13:01:00,2855.526
269,SEZHUK-231027-257222,2023-10-31 08:52:00,53.032
270,SEZHUK-231027-257241,2023-10-30 16:41:00,73.596
271,SEZHUK-231027-257248,2023-10-30 17:19:00,94.568
272,SEZHUK-231027-257250,2023-10-30 11:47:00,22.423
273,SEZHUK-231028-257404,2023-11-08 13:55:00,12606.792999983332
274,SEZHUK-231028-257406,2023-10-30 13:48:00,74.605
275,SEZHUK-231028-257408,2023-10-30 22:32:00,92.50499998333332
276,SEZHUK-231028-257475,2023-10-29 08:57:00,2.603333333333333
277,SEZHUK-231029-257555,2023-11-01 08:44:00,54.775333333333336
278,SEZHUK-231029-257560,2023-11-02 07:58:00,2.385333333333333
279,SEZHUK-231029-257565,2023-11-03 08:52:00,56.462333333333326
280,SEZHUK-231029-257576,2023-11-01 04:59:00,6.787333333333334
281,SEZHUK-231029-257579,2023-10-31 03:35:00,1.2943333166666666
282,SEZHUK-231029-257580,2023-11-05 06:16:00,1349.0923333333333
283,SEZHUK-231029-257614,2023-11-01 08:25:00,51.56933333333333
284,SEZHUK-231029-257617,2023-11-02 10:37:00,208.63933333333333
285,SEZHUK-231029-257642,2023-11-02 09:55:00,60.74133333333334
286,SEZHUK-231029-257643,2023-11-02 19:12:00,848.4893333166667
287,SEZHUK-231030-257708,2023-10-31 14:59:00,0.568
288,SEZHUK-231030-257759,2023-11-01 18:16:00,51.056
289,SEZHUK-231030-257775,2023-10-31 17:15:00,75.181
290,SEZHUK-231030-257778,2023-11-01 12:12:00,1649.557
291,SEZHUK-231030-257779,2023-11-17 12:42:00,24648.973
292,SEZHUK-231030-257791,2023-11-01 18:49:00,2163.717
293,SEZHUK-231030-257797,2023-11-04 19:16:00,2317.187999983333
294,SEZHUK-231030-257800,2023-11-06 06:15:00,18.689
295,SEZHUK-231030-257828,2023-11-01 04:09:00,19.52799998333333
296,SEZHUK-231030-257832,2023-11-01 11:25:00,399.655
297,SEZHUK-231030-257837,2023-11-01 10:57:00,122.613
298,SEZHUK-231030-257844,2023-11-01 10:33:00,24.517
299,SEZHUK-231030-257846,2023-11-01 10:20:00,29.922
300,SEZHUK-231030-257852,2023-11-01 11:34:00,34.243
301,SEZHUK-231030-257855,2023-11-01 07:04:00,4.891
302,SEZHUK-231030-257856,2023-11-03 22:04:00,3400.839
303,SEZHUK-231030-257857,2023-11-01 08:29:00,2.363
304,SEZHUK-231030-257858,2023-11-01 08:45:00,316.9769999833333
305,SEZHUK-231031-257973,2023-11-01 18:35:00,362.822
306,SEZHUK-231031-257974,2023-11-08 06:37:00,8264.366
307,SEZHUK-231031-257978,2023-11-01 18:06:00,131.335
308,SEZHUK-231031-257995,2023-11-01 13:59:00,21.065
309,SEZHUK-231031-257998,2023-11-01 14:48:00,48.31299998333333
310,SEZHUK-231031-258018,2023-11-01 10:09:00,19.87799998333333
311,SEZHUK-231031-258048,2023-11-07 11:05:00,8569.684
312,SEZHUK-231031-258050,2023-11-17 07:43:00,22867.806
313,SEZHUK-231031-258061,2023-11-02 02:48:00,1.6169999833333333
314,SEZHUK-231031-258062,2023-11-02 04:12:00,47.577
315,SEZHUK-231031-258065,2023-11-03 01:28:00,14.307
316,SEZHUK-231031-258072,2023-11-04 05:33:00,1293.839
317,SEZHUK-231031-258097,2023-11-02 14:57:00,152.011
318,SEZHUK-231031-258099,2023-11-02 05:26:00,16.697
319,SEZHUK-231031-258103,2023-11-02 04:52:00,87.054
320,SEZHUK-231031-258145,2023-11-05 23:44:00,5515.62
321,SEZHUK-231031-258153,2023-11-02 10:40:00,15.135
322,SEZHUK-231101-258202,2023-11-03 05:52:00,1.2659999833333333
323,SEZHUK-231101-258215,2023-11-02 12:08:00,7.887
324,SEZHUK-231101-258218,2023-11-04 12:49:00,3032.647
325,SEZHUK-231101-258221,2023-11-03 11:13:00,1324.54
326,SEZHUK-231101-258222,2023-11-02 15:19:00,54.717
327,SEZHUK-231101-258224,2023-11-03 09:23:00,59.405
328,SEZHUK-231101-258236,2023-11-03 13:21:00,118.995
329,SEZHUK-231101-258277,2023-11-09 07:43:00,43.98199998333334
330,SEZHUK-231101-258324,2023-11-08 08:46:00,8689.386
331,SEZHUK-231101-258325,2023-11-08 07:56:00,8549.984
332,SEZHUK-231101-258385,2023-11-03 14:34:00,29.295
333,SEZHUK-231101-258431,2023-11-03 08:44:00,143.636
334,SEZHUK-231102-258520,2023-11-05 04:00:00,940.262
335,SEZHUK-231102-258521,2023-11-03 12:31:00,65.22399998333334
336,SEZHUK-231102-258533,2023-11-07 11:37:00,1340.714
337,SEZHUK-231102-258542,2023-11-17 10:48:00,1638.395
338,SEZHUK-231102-258624,2023-11-16 18:00:00,545.951
339,SEZHUK-231102-258659,2023-11-20 20:29:00,5176.252
340,SEZHUK-231102-258889,2023-11-04 14:20:00,55.395
341,SEZHUK-231102-258892,2023-11-09 09:29:00,8666.395
342,SEZHUK-231102-258896,2023-11-08 09:20:00,7350.576999983333
343,SEZHUK-231102-258898,2023-11-07 08:05:00,16.564
344,SEZHUK-231102-258899,2023-11-04 23:17:00,893.4119999833333
345,SEZHUK-231102-258900,2023-11-04 13:01:00,1.409
346,SEZHUK-231102-258924,2023-11-04 11:58:00,33.0
347,SEZHUK-231102-258937,2023-11-06 21:57:00,44.563
348,SEZHUK-231102-258951,2023-11-06 06:37:00,12.289
349,SEZHUK-231102-258954,2023-11-06 10:04:00,62.786
350,SEZHUK-231102-258956,2023-11-07 00:08:00,223.558
351,SEZHUK-231102-258977,2023-11-06 12:26:00,2.482
352,SEZHUK-231102-259027,2023-11-06 16:25:00,10.561
353,SEZHUK-231102-259102,2023-11-06 15:19:00,4323.798
354,SEZHUK-231102-259104,2023-11-09 16:51:00,8910.056999983333
355,SEZHUK-231103-259113,2023-11-09 10:01:00,1982.939
356,SEZHUK-231103-259117,2023-11-08 08:34:00,19.536
357,SEZHUK-231103-259147,2023-11-06 15:25:00,95.268
358,SEZHUK-231103-259191,2023-11-09 02:13:00,61.331
359,SEZHUK-231103-259196,2023-11-07 16:40:00,40.56299998333333
360,SEZHUK-231103-259202,2023-11-05 06:15:00,3.706999983333333
361,SEZHUK-231103-259207,2023-11-07 09:01:00,21.42399998333333
362,SEZHUK-231103-259287,2023-11-07 06:29:00,27.762
363,SEZHUK-231103-259295,2023-11-06 13:17:00,231.497
364,SEZHUK-231103-259330,2023-11-09 11:03:00,4558.644
365,SEZHUK-231103-259332,2023-11-09 12:00:00,4647.622
366,SEZHUK-231103-259333,2023-11-09 12:14:00,4597.4509999833335
367,SEZHUK-231103-259354,2023-11-07 10:39:00,83.33999999999999
368,SEZHUK-231103-259380,2023-11-09 05:52:00,202.17
369,SEZHUK-231103-259496,2023-11-04 15:45:00,104.25499998333332
370,SEZHUK-231103-259590,2023-11-06 18:33:00,134.442
371,SEZHUK-231104-259656,2023-11-05 10:00:00,88.03433331666666
372,SEZHUK-231105-259692,2023-11-06 11:28:00,53.36199998333333
373,SEZHUK-231105-259694,2023-11-09 10:51:00,3003.3103333333333
374,SEZHUK-231105-259703,2023-11-10 08:41:00,105.16333333333334
375,SEZHUK-231105-259719,2023-11-11 09:26:00,2.6263333333333336
376,SEZHUK-231105-259723,2023-11-07 22:10:00,984.3343333166666
377,SEZHUK-231105-259727,2023-11-08 04:26:00,52.356
378,SEZHUK-231105-259728,2023-11-09 05:51:00,108.13733331666668
379,SEZHUK-231105-259732,2023-11-13 16:33:00,4888.5160000000005
380,SEZHUK-231105-259734,2023-11-15 10:10:00,8741.955333333333
381,SEZHUK-231105-259740,2023-11-11 13:40:00,237.96233333333333
382,SEZHUK-231105-259743,2023-11-09 15:44:00,4941.338333333333
383,SEZHUK-231105-259750,2023-11-10 03:54:00,19.80133333333333
384,SEZHUK-231105-259755,2023-11-11 13:29:00,1660.013333333333
385,SEZHUK-231106-259823,2023-11-08 07:46:00,946.1179999833332
386,SEZHUK-231106-259829,2023-11-07 15:18:00,127.321
387,SEZHUK-231106-259868,2023-11-08 10:49:00,2.389
388,SEZHUK-231106-259885,2023-11-08 16:02:00,40.46999998333333
389,SEZHUK-231106-259905,2023-11-10 11:16:00,22.656
390,SEZHUK-231106-259926,2023-11-14 08:40:00,5421.647
391,SEZHUK-231106-259932,2023-11-14 09:22:00,5463.432
392,SEZHUK-231106-260014,2023-11-09 11:20:00,3135.835
393,SEZHUK-231106-260056,2023-11-08 07:44:00,32.193
394,SEZHUK-231106-260061,2023-11-08 07:10:00,0.476
395,SEZHUK-231106-260103,2023-11-10 16:41:00,1.35
396,SEZHUK-231106-260110,2023-11-09 12:42:00,229.629
397,SEZHUK-231106-260134,2023-11-08 09:26:00,32.159
398,SEZHUK-231106-260193,2023-11-07 18:09:00,69.17299998333333
399,SEZHUK-231106-260195,2023-11-13 17:06:00,8743.182
400,SEZHUK-231107-260221,2023-11-09 12:45:00,1903.261
401,SEZHUK-231107-260240,2023-11-08 15:31:00,31.47599998333333
402,SEZHUK-231107-260254,2023-11-09 10:47:00,87.788
403,SEZHUK-231107-260294,2023-11-16 18:09:00,39.022000000000006
404,SEZHUK-231107-260311,2023-11-14 17:31:00,1.216
405,SEZHUK-231107-260312,2023-11-10 15:05:00,425.916
406,SEZHUK-231107-260345,2023-11-10 16:35:00,17.214
407,SEZHUK-231107-260367,2023-11-10 11:50:00,25.917
408,SEZHUK-231107-260370,2023-11-09 13:55:00,1798.404
409,SEZHUK-231107-260371,2023-11-10 11:10:00,2814.7200000000003
410,SEZHUK-231107-260376,2023-11-10 05:13:00,3.359
411,SEZHUK-231107-260377,2023-11-09 08:15:00,50.809
412,SEZHUK-231107-260379,2023-11-09 14:17:00,202.0719999833333
413,SEZHUK-231107-260381,2023-11-09 22:20:00,284.7
414,SEZHUK-231107-260383,2023-11-09 14:53:00,34.491
415,SEZHUK-231107-260400,2023-11-09 05:37:00,12.175999999999998
416,SEZHUK-231107-260418,2023-11-09 09:38:00,16.86
417,SEZHUK-231107-260420,2023-11-09 14:44:00,1847.923
418,SEZHUK-231107-260481,2023-11-10 04:01:00,269.54200000000003
419,SEZHUK-231108-260506,2023-11-08 16:57:00,6.324999983333333
420,SEZHUK-231108-260510,2023-11-13 13:52:00,4548.0470000000005
421,SEZHUK-231108-260532,2023-11-14 10:29:00,5590.423
422,SEZHUK-231108-260538,2023-11-09 13:27:00,25.51
423,SEZHUK-231108-260551,2023-11-09 16:59:00,189.355
424,SEZHUK-231108-260556,2023-11-10 11:04:00,407.415
425,SEZHUK-231108-260557,2023-11-11 15:20:00,1997.272
426,SEZHUK-231108-260649,2023-11-13 07:59:00,8.556999999999999
427,SEZHUK-231108-260695,2023-11-10 12:40:00,3.228
428,SEZHUK-231108-260717,2023-11-10 11:33:00,1783.9589999999998
429,SEZHUK-231108-260750,2023-11-10 12:07:00,7.375
430,SEZHUK-231108-260837,2023-11-13 20:16:00,148.886
431,SEZHUK-231108-260838,2023-11-14 19:25:00,55.605
432,SEZHUK-231108-260840,2023-11-20 17:31:00,0.3259999999999999
433,SEZHUK-231108-260842,2023-11-21 18:50:00,46.22
434,SEZHUK-231108-260913,2023-11-10 19:49:00,1647.5220000000002
435,SEZHUK-231109-261295,2023-11-11 16:25:00,0.966
436,SEZHUK-231109-261301,2023-11-13 10:08:00,394.4359999833333
437,SEZHUK-231109-261305,2023-11-27 10:31:00,17405.77
438,SEZHUK-231109-261311,2023-11-11 13:01:00,36.739
439,SEZHUK-231109-261351,2023-11-14 02:40:00,4.8100000000000005
440,SEZHUK-231109-261352,2023-11-15 21:41:00,13.863
441,SEZHUK-231109-261358,2023-11-13 19:03:00,113.717
442,SEZHUK-231109-261369,2023-11-13 15:42:00,12.092
443,SEZHUK-231109-261376,2023-12-16 18:26:00,51880.75999998333
444,SEZHUK-231109-261387,2023-12-15 11:15:00,221.803
445,SEZHUK-231109-261388,2023-12-15 11:00:00,189.249
446,SEZHUK-231109-261440,2023-11-13 13:49:00,90.89999998333332
447,SEZHUK-231109-261483,2023-11-13 14:58:00,10.024
448,SEZHUK-231109-261488,2023-11-13 14:15:00,169.04
449,SEZHUK-231109-261499,2023-11-10 09:27:00,57.216
450,SEZHUK-231109-261507,2023-11-10 12:14:00,74.164
451,SEZHUK-231110-261600,2023-11-13 17:53:00,204.01
452,SEZHUK-231110-261608,2023-11-14 14:22:00,142.696
453,SEZHUK-231110-261617,2023-11-13 18:31:00,304.89300000000003
454,SEZHUK-231110-261644,2023-11-16 23:46:00,119.236
455,SEZHUK-231110-261645,2023-11-16 23:46:00,119.236
456,SEZHUK-231110-261663,2023-11-14 09:27:00,2.3310000000000004
457,SEZHUK-231110-261684,2023-11-16 20:10:00,90.445
458,SEZHUK-231110-261685,2023-11-17 20:52:00,114.488
459,SEZHUK-231110-261689,2023-11-21 20:39:00,49.924
460,SEZHUK-231110-261690,2023-11-22 21:11:00,124.82299998333332
461,SEZHUK-231110-261691,2023-11-23 20:18:00,71.42800000000001
462,SEZHUK-231110-261692,2023-11-24 19:17:00,14.653
463,SEZHUK-231110-261696,2023-11-29 19:26:00,49.57899999999999
464,SEZHUK-231110-261698,2023-12-01 19:58:00,76.604
465,SEZHUK-231110-261714,2023-11-14 00:27:00,2.723999983333333
466,SEZHUK-231110-261719,2023-11-28 09:42:00,21978.766
467,SEZHUK-231110-261721,2023-11-15 10:20:00,3045.850999983333
468,SEZHUK-231110-261727,2023-11-14 12:06:00,101.828
469,SEZHUK-231110-261877,2023-11-20 12:50:00,8597.056
470,SEZHUK-231110-261932,2023-11-12 08:40:00,100.28933333333332
471,SEZHUK-231111-262061,2023-11-13 10:41:00,260.7443333333333
472,SEZHUK-231112-262144,2023-11-16 11:04:00,18.41633333333333
473,SEZHUK-231112-262147,2023-11-17 11:17:00,180.8953333166667
474,SEZHUK-231112-262157,2023-11-15 10:16:00,3002.579333316666
475,SEZHUK-231112-262163,2023-11-22 12:01:00,7793.540333333333
476,SEZHUK-231112-262171,2023-11-15 10:12:00,1540.9713333166667
477,SEZHUK-231112-262176,2023-11-16 03:35:00,1293.1013333333333
478,SEZHUK-231112-262177,2023-11-15 14:55:00,388.6743333333333
479,SEZHUK-231112-262180,2023-11-16 19:47:00,874.7673333333333
480,SEZHUK-231112-262209,2023-11-14 05:16:00,102.30833333333334
481,SEZHUK-231112-262218,2023-11-18 07:59:00,59.53233333333333
482,SEZHUK-231112-262234,2023-11-17 06:53:00,22.42233333333333
483,SEZHUK-231113-262259,2023-11-16 09:21:00,20.906
484,SEZHUK-231113-262339,2023-11-15 12:35:00,70.41899998333334
485,SEZHUK-231113-262341,2023-11-15 21:38:00,49.87999998333333
486,SEZHUK-231113-262344,2023-11-15 10:01:00,36.247
487,SEZHUK-231113-262351,2023-11-14 12:53:00,73.31700000000001
488,SEZHUK-231113-262353,2023-11-14 12:37:00,42.81799998333334
489,SEZHUK-231113-262362,2023-11-15 01:58:00,760.8389999999999
490,SEZHUK-231113-262368,2023-11-14 16:50:00,208.044
491,SEZHUK-231113-262451,2023-11-15 16:04:00,39.542
492,SEZHUK-231113-262452,2023-11-15 16:56:00,31.073
493,SEZHUK-231113-262490,2023-11-15 14:55:00,0.986
494,SEZHUK-231113-262572,2023-11-17 12:24:00,4639.772
495,SEZHUK-231113-262575,2023-11-28 10:05:00,20288.404
496,SEZHUK-231113-262585,2023-11-14 16:12:00,68.75999998333333
497,SEZHUK-231113-262587,2023-11-16 07:52:00,2855.162
498,SEZHUK-231113-262600,2023-11-14 12:49:00,254.206
499,SEZHUK-231113-262601,2023-11-17 08:57:00,4071.291
500,SEZHUK-231114-262619,2023-11-16 14:50:00,552.943
501,SEZHUK-231114-262621,2023-11-15 17:02:00,201.68400000000003
502,SEZHUK-231114-262627,2023-11-16 07:46:00,14.212
503,SEZHUK-231114-262650,2023-11-16 14:02:00,0.5569999833333333
504,SEZHUK-231114-262664,2023-11-15 12:23:00,53.24
505,SEZHUK-231114-262695,2023-11-22 08:32:00,38.006
506,SEZHUK-231114-262696,2023-11-22 12:24:00,90.596
507,SEZHUK-231114-262745,2023-11-22 15:16:00,7317.436
508,SEZHUK-231114-262751,2023-11-22 15:52:00,7353.428
509,SEZHUK-231114-262757,2023-11-16 10:56:00,73.31700000000001
510,SEZHUK-231114-262763,2023-11-17 19:47:00,1046.327
511,SEZHUK-231114-262774,2023-11-16 17:58:00,635.496
512,SEZHUK-231114-262824,2023-11-23 14:35:00,10.759
513,SEZHUK-231114-262825,2023-11-24 17:35:00,6.015
514,SEZHUK-231114-262829,2023-11-22 17:30:00,0.049
515,SEZHUK-231114-262831,2023-11-22 15:18:00,0.224
516,SEZHUK-231114-262924,2023-11-27 02:03:00,1357.719
517,SEZHUK-231115-263015,2023-11-19 13:14:00,3106.018
518,SEZHUK-231115-263033,2023-11-16 12:51:00,27.682
519,SEZHUK-231115-263037,2023-11-17 09:50:00,1193.922
520,SEZHUK-231115-263038,2023-11-16 13:49:00,13.488
521,SEZHUK-231115-263041,2023-11-16 14:28:00,61.747
522,SEZHUK-231115-263051,2023-11-17 08:00:00,0.519
523,SEZHUK-231115-263112,2023-11-21 22:30:00,6776.7970000000005
524,SEZHUK-231115-263131,2023-11-17 08:00:00,10.550999999999998
525,SEZHUK-231115-263134,2023-11-17 10:26:00,179.884
526,SEZHUK-231115-263146,2023-11-17 11:42:00,747.018
527,SEZHUK-231115-263157,2023-11-16 12:32:00,7.044
528,SEZHUK-231115-263171,2023-11-17 16:41:00,0.06
529,SEZHUK-231115-263172,2023-11-20 13:30:00,4153.186
530,SEZHUK-231115-263175,2023-11-16 14:55:00,115.487
531,SEZHUK-231115-263259,2023-11-23 12:01:00,8502.436
532,SEZHUK-231116-263345,2023-11-30 21:48:00,4.7439999833333335
533,SEZHUK-231116-263402,2023-12-01 06:55:00,1477.236
534,SEZHUK-231116-263428,2023-11-20 10:24:00,85.30699998333333
535,SEZHUK-231116-263429,2023-11-20 07:17:00,6.553999983333333
536,SEZHUK-231116-263462,2023-11-17 14:18:00,18.977999983333333
537,SEZHUK-231116-263463,2023-11-20 09:48:00,56.243
538,SEZHUK-231116-263468,2023-11-20 18:50:00,452.303
539,SEZHUK-231116-263473,2023-11-17 18:26:00,233.418
540,SEZHUK-231116-263474,2023-11-20 05:53:00,1.426
541,SEZHUK-231116-263488,2023-11-21 16:11:00,1843.8929999833333
542,SEZHUK-231116-263503,2023-11-21 02:32:00,14.049
543,SEZHUK-231116-263564,2023-11-18 01:48:00,24.945
544,SEZHUK-231116-263593,2023-11-20 17:18:00,11.625
545,SEZHUK-231117-263831,2023-11-21 12:25:00,0.28
546,SEZHUK-231117-263837,2023-11-21 11:57:00,73.865
547,SEZHUK-231117-263860,2023-11-22 09:17:00,47.12199998333333
548,SEZHUK-231117-263889,2023-11-22 08:41:00,3110.704
549,SEZHUK-231117-263890,2023-11-22 08:29:00,2869.9559999833336
550,SEZHUK-231117-263891,2023-11-28 08:48:00,11694.659
551,SEZHUK-231117-263981,2023-11-21 12:37:00,38.205000000000005
552,SEZHUK-231117-264051,2023-11-24 12:21:00,56.68799998333333
553,SEZHUK-231117-264098,2023-11-19 07:28:00,25.106333333333332
554,SEZHUK-231117-264128,2023-11-20 20:33:00,213.126
555,SEZHUK-231118-264182,2023-11-20 04:30:00,44.28333333333333
556,SEZHUK-231119-264247,2023-11-23 09:41:00,174.7493333333333
557,SEZHUK-231119-264256,2023-11-22 15:47:00,3499.5323333333336
558,SEZHUK-231119-264257,2023-11-25 06:17:00,16.828333333333333
559,SEZHUK-231119-264277,2023-11-24 04:02:00,28.137333316666663
560,SEZHUK-231119-264286,2023-11-22 16:05:00,223.0493333333333
561,SEZHUK-231119-264287,2023-11-21 11:08:00,243.85433331666667
562,SEZHUK-231119-264288,2023-11-21 10:55:00,33.23533333333333
563,SEZHUK-231119-264306,2023-11-24 16:18:00,593.3403333333333
564,SEZHUK-231119-264307,2023-11-26 09:41:00,2927.2323333166664
565,SEZHUK-231119-264310,2023-11-25 12:23:00,221.7483333333333
566,SEZHUK-231119-264317,2023-11-25 23:03:00,2444.5933333166668
567,SEZHUK-231119-264328,2023-11-23 08:35:00,185.7563333333333
568,SEZHUK-231119-264342,2023-11-25 05:52:00,27.172333316666663
569,SEZHUK-231119-264343,2023-11-23 10:17:00,114.33333331666668
570,SEZHUK-231120-264391,2023-11-22 14:23:00,1496.8029999833334
571,SEZHUK-231120-264418,2023-12-04 19:13:00,93.754
572,SEZHUK-231120-264421,2023-12-07 21:20:00,148.132
573,SEZHUK-231120-264422,2023-12-08 21:14:00,25.358
574,SEZHUK-231120-264426,2023-12-13 20:19:00,59.92
575,SEZHUK-231120-264427,2023-12-14 21:30:00,119.99599998333332
576,SEZHUK-231120-264428,2023-12-15 20:37:00,34.236999999999995
577,SEZHUK-231120-264430,2023-12-18 21:00:00,69.77399998333334
578,SEZHUK-231120-264431,2023-12-19 20:54:00,89.29400000000001
579,SEZHUK-231120-264432,2023-12-20 20:42:00,67.096
580,SEZHUK-231120-264433,2023-12-21 20:44:00,73.99499999999999
581,SEZHUK-231120-264434,2023-12-22 16:22:00,15.661
582,SEZHUK-231120-264561,2023-11-27 11:42:00,49.111
583,SEZHUK-231120-264583,2023-11-23 01:04:00,26.198
584,SEZHUK-231120-264599,2023-11-30 03:53:00,24.95
585,SEZHUK-231120-264601,2023-12-07 03:25:00,4.059
586,SEZHUK-231120-264647,2023-11-28 08:55:00,9931.800999983334
587,SEZHUK-231120-264653,2023-11-23 08:18:00,806.934
588,SEZHUK-231120-264702,2023-11-21 06:38:00,61.26
589,SEZHUK-231120-264725,2023-11-22 04:20:00,0.269
590,SEZHUK-231120-264729,2023-11-22 10:57:00,1510.154
591,SEZHUK-231120-264734,2023-11-22 07:15:00,36.968
592,SEZHUK-231120-264745,2023-11-21 12:34:00,34.25099998333334
593,SEZHUK-231120-264746,2023-11-21 11:26:00,55.951
594,SEZHUK-231121-264840,2023-11-23 07:34:00,24.735
595,SEZHUK-231121-264860,2023-11-23 09:42:00,44.975
596,SEZHUK-231121-264866,2023-11-21 17:07:00,73.38299998333333
597,SEZHUK-231121-265105,2023-11-23 12:13:00,89.087
598,SEZHUK-231122-265140,2023-11-23 14:43:00,43.219
599,SEZHUK-231122-265146,2023-11-23 15:52:00,112.781
600,SEZHUK-231122-265160,2023-11-23 08:50:00,117.787
601,SEZHUK-231122-265206,2023-12-05 00:21:00,2886.377
602,SEZHUK-231122-265372,2023-11-29 15:56:00,20.182
603,SEZHUK-231122-265373,2023-11-30 17:31:00,1.0529999833333334
604,SEZHUK-231122-265374,2023-12-01 16:42:00,0.645
605,SEZHUK-231122-265440,2023-11-29 14:22:00,7153.414000000001
606,SEZHUK-231122-265442,2023-11-29 14:31:00,7162.410999999999
607,SEZHUK-231122-265444,2023-12-05 08:40:00,17456.627999983335
608,SEZHUK-231122-265472,2023-11-24 03:10:00,2.344
609,SEZHUK-231122-265494,2023-11-24 09:04:00,39.52
610,SEZHUK-231122-265550,2023-11-24 10:21:00,126.355
611,SEZHUK-231122-265600,2023-11-23 17:11:00,29.049
612,SEZHUK-231122-265611,2023-11-24 17:29:00,58.278
613,SEZHUK-231123-265676,2023-11-24 12:23:00,55.851
614,SEZHUK-231123-265693,2023-11-26 14:00:00,1551.261
615,SEZHUK-231123-265740,2023-11-27 09:29:00,89.383
616,SEZHUK-231123-265777,2023-12-05 08:04:00,17028.926
617,SEZHUK-231123-265778,2023-11-28 01:11:00,12.363
618,SEZHUK-231123-265779,2023-11-24 11:47:00,152.454
619,SEZHUK-231123-265787,2023-11-25 12:14:00,90.073
620,SEZHUK-231123-265789,2023-11-25 10:43:00,222.657
621,SEZHUK-231123-265791,2023-11-25 10:00:00,86.529
622,SEZHUK-231123-265797,2023-11-27 17:44:00,110.231
623,SEZHUK-231123-265805,2023-11-27 08:32:00,7.856
624,SEZHUK-231123-265814,2023-11-27 21:20:00,66.214
625,SEZHUK-231123-265896,2023-11-27 08:56:00,62.03
626,SEZHUK-231123-265919,2023-11-24 16:29:00,8.876
627,SEZHUK-231124-265947,2023-11-29 12:28:00,32.425
628,SEZHUK-231124-265966,2023-11-28 09:46:00,120.29
629,SEZHUK-231124-266037,2023-12-06 20:39:00,1380.693
630,SEZHUK-231124-266145,2023-12-08 08:28:00,15999.014
631,SEZHUK-231124-266218,2023-12-03 15:53:00,63.403
632,SEZHUK-231124-266226,2023-11-30 23:12:00,43.517
633,SEZHUK-231124-266240,2023-11-29 01:27:00,12.698
634,SEZHUK-231124-266279,2023-12-01 08:12:00,5817.438
635,SEZHUK-231124-266362,2023-11-30 10:24:00,158.884
636,SEZHUK-231124-266388,2023-11-26 04:28:00,103.32633333333334
637,SEZHUK-231124-266390,2023-11-26 05:30:00,166.44933333333333
638,SEZHUK-231125-266481,2023-11-27 06:55:00,64.78433331666666
639,SEZHUK-231125-266483,2023-11-26 09:58:00,12.736333333333333
640,SEZHUK-231125-266493,2023-11-26 17:17:00,627.3573333166667
641,SEZHUK-231126-266512,2023-11-27 03:42:00,56.889
642,SEZHUK-231126-266537,2023-11-29 10:38:00,3045.050333333333
643,SEZHUK-231126-266561,2023-12-02 11:47:00,286.20133333333337
644,SEZHUK-231126-266562,2023-12-02 10:52:00,200.68833333333333
645,SEZHUK-231126-266567,2023-11-29 10:39:00,1604.436333333333
646,SEZHUK-231126-266574,2023-12-03 06:07:00,2789.538333333333
647,SEZHUK-231126-266575,2023-11-30 13:41:00,79.229
648,SEZHUK-231126-266580,2023-11-27 10:06:00,14.913333316666666
649,SEZHUK-231126-266582,2023-11-28 07:15:00,10.103333333333332
650,SEZHUK-231126-266592,2023-12-01 10:27:00,8.726333333333335
651,SEZHUK-231126-266593,2023-11-29 10:37:00,30.94233333333333
652,SEZHUK-231126-266598,2023-11-30 10:04:00,68.01533333333333
653,SEZHUK-231126-266599,2023-11-30 09:40:00,1.9563333333333333
654,SEZHUK-231126-266600,2023-12-02 07:29:00,202.09633331666663
655,SEZHUK-231126-266601,2023-12-02 11:06:00,33.03633331666666
656,SEZHUK-231126-266624,2023-11-30 01:32:00,1126.9253333333334
657,SEZHUK-231126-266626,2023-12-02 07:05:00,75.84333333333333
658,SEZHUK-231126-266630,2023-12-04 15:50:00,5001.1213333333335
659,SEZHUK-231126-266642,2023-11-28 03:35:00,1.4123333166666667
660,SEZHUK-231126-266644,2023-12-01 05:26:00,4137.972333333333
661,SEZHUK-231126-266645,2023-11-30 10:10:00,74.99833333333332
662,SEZHUK-231126-266646,2023-12-01 09:23:00,250.81933333333333
663,SEZHUK-231126-266648,2023-11-29 06:29:00,203.9863333333333
664,SEZHUK-231126-266649,2023-12-02 05:29:00,169.4863333333333
665,SEZHUK-231127-266710,2023-11-28 13:59:00,0.298
666,SEZHUK-231127-266724,2023-11-27 17:04:00,116.028
667,SEZHUK-231127-266740,2023-11-30 11:23:00,3086.923
668,SEZHUK-231127-266743,2023-11-29 11:45:00,1668.468
669,SEZHUK-231127-266797,2023-12-23 04:41:00,11.04
670,SEZHUK-231127-266799,2023-12-24 06:26:00,155.542
671,SEZHUK-231127-266803,2023-12-23 22:26:00,297.036
672,SEZHUK-231127-266893,2023-11-29 16:58:00,34.044000000000004
673,SEZHUK-231127-266920,2023-11-29 04:14:00,0.611
674,SEZHUK-231127-266974,2023-12-08 16:10:00,41.701
675,SEZHUK-231128-266994,2023-12-01 07:13:00,46.274
676,SEZHUK-231128-267020,2023-11-30 06:56:00,1.278
677,SEZHUK-231128-267027,2023-11-29 15:33:00,149.94799999999998
678,SEZHUK-231128-267041,2023-12-03 17:52:00,3342.7599999833333
679,SEZHUK-231128-267043,2023-11-30 16:06:00,6.357
680,SEZHUK-231128-267053,2023-12-04 13:11:00,4434.296
681,SEZHUK-231128-267075,2023-12-02 10:26:00,1600.3480000000002
682,SEZHUK-231128-267081,2023-12-01 01:58:00,33.513
683,SEZHUK-231128-267101,2023-12-05 08:04:00,4.0
684,SEZHUK-231128-267113,2023-11-30 18:28:00,3.803
685,SEZHUK-231128-267167,2023-12-21 18:48:00,17.668
686,SEZHUK-231128-267202,2023-11-29 14:22:00,0.126
687,SEZHUK-231129-267367,2023-12-05 20:23:00,143.82000000000002
688,SEZHUK-231129-267379,2023-12-05 11:30:00,250.14
689,SEZHUK-231129-267428,2023-11-30 16:10:00,70.23299999999999
690,SEZHUK-231129-267452,2023-12-13 18:12:00,568.581
691,SEZHUK-231129-267470,2023-12-20 19:57:00,7154.942999983334
692,SEZHUK-231129-267623,2023-12-05 00:21:00,1446.427
693,SEZHUK-231129-267711,2023-12-04 15:27:00,610.688
694,SEZHUK-231129-267875,2023-12-01 08:34:00,190.879
695,SEZHUK-231129-267891,2023-11-30 16:58:00,47.18899998333333
696,SEZHUK-231130-267919,2023-12-04 10:23:00,399.105
697,SEZHUK-231130-267948,2023-12-01 16:14:00,74.11999999999999
698,SEZHUK-231130-267953,2023-12-05 00:21:00,779.1460000000001
699,SEZHUK-231130-268013,2023-12-22 21:12:00,31952.21499998333
700,SEZHUK-231130-268029,2023-12-05 16:35:00,844.112
701,SEZHUK-231130-268096,2023-12-07 23:31:00,1.1039999833333334
702,SEZHUK-231130-268107,2023-12-09 03:03:00,33.041000000000004
703,SEZHUK-231130-268155,2023-12-04 16:30:00,19.297
704,SEZHUK-231130-268162,2023-12-01 17:23:00,0.838
705,SEZHUK-231130-268182,2023-12-04 09:25:00,40.504
706,SEZHUK-231130-268215,2023-12-01 17:05:00,5.131
707,SEZHUK-231130-268220,2023-12-01 17:56:00,56.047
708,SEZHUK-231201-268698,2023-12-13 08:05:00,13046.145999983331
709,SEZHUK-231201-268699,2023-12-05 09:33:00,1536.3569999833337
710,SEZHUK-231201-268715,2023-12-04 11:10:00,4.136
711,SEZHUK-231201-268719,2023-12-05 01:55:00,1.107
712,SEZHUK-231201-268722,2023-12-07 06:53:00,3308.4779999833336
713,SEZHUK-231201-268723,2023-12-05 08:57:00,373.488
714,SEZHUK-231201-268733,2023-12-05 11:02:00,37.255
715,SEZHUK-231201-268992,2023-12-04 15:42:00,1.308
716,SEZHUK-231202-269070,2023-12-03 10:29:00,0.9003333333333334
717,SEZHUK-231202-269076,2023-12-04 06:27:00,1482.8543333333332
718,SEZHUK-231202-269078,2023-12-03 17:46:00,577.4983333166667
719,SEZHUK-231203-269137,2023-12-09 12:46:00,228.21733333333336
720,SEZHUK-231203-269141,2023-12-04 10:49:00,19.485333333333333
721,SEZHUK-231203-269145,2023-12-04 18:56:00,412.4483333333334
722,SEZHUK-231203-269155,2023-12-08 00:41:00,756.1833333333333
723,SEZHUK-231203-269179,2023-12-07 11:19:00,17.926333333333332
724,SEZHUK-231203-269185,2023-12-08 12:38:00,143.16133333333337
725,SEZHUK-231203-269224,2023-12-07 06:50:00,65.79233333333333
726,SEZHUK-231203-269237,2023-12-05 11:22:00,1674.6043333333332
727,SEZHUK-231203-269262,2023-12-07 06:19:00,105.96533333333332
728,SEZHUK-231203-269282,2023-12-08 10:33:00,159.97133333333335
729,SEZHUK-231203-269297,2023-12-10 22:36:00,3697.734333333333
730,SEZHUK-231203-269309,2023-12-06 05:33:00,2632.3903333333337
731,SEZHUK-231204-269386,2023-12-05 14:43:00,44.39999998333334
732,SEZHUK-231204-269387,2023-12-11 04:05:00,8186.887
733,SEZHUK-231204-269388,2023-12-05 13:32:00,15.502
734,SEZHUK-231204-269390,2023-12-11 18:34:00,8921.402
735,SEZHUK-231204-269396,2023-12-05 13:31:00,37.595
736,SEZHUK-231204-269412,2023-12-05 17:28:00,525.807
737,SEZHUK-231204-269414,2023-12-05 21:16:00,527.825
738,SEZHUK-231204-269423,2023-12-05 21:35:00,419.955
739,SEZHUK-231204-269425,2023-12-05 22:56:00,72.383
740,SEZHUK-231204-269427,2023-12-06 03:03:00,4.569
741,SEZHUK-231204-269429,2023-12-06 05:15:00,500.156
742,SEZHUK-231204-269438,2023-12-06 06:44:00,1.541
743,SEZHUK-231204-269459,2023-12-07 08:49:00,446.602
744,SEZHUK-231204-269460,2023-12-07 01:35:00,14.678999983333334
745,SEZHUK-231204-269496,2023-12-08 05:34:00,144.51899999999998
746,SEZHUK-231204-269497,2023-12-11 07:28:00,4385.294
747,SEZHUK-231204-269568,2023-12-07 23:36:00,3370.0460000000003
748,SEZHUK-231204-269569,2023-12-07 12:27:00,2758.8740000000003
749,SEZHUK-231205-269613,2023-12-07 16:00:00,1.03
750,SEZHUK-231205-269651,2023-12-06 18:35:00,421.342
751,SEZHUK-231205-269664,2023-12-07 14:47:00,79.941
752,SEZHUK-231205-269691,2023-12-11 22:51:00,4760.186
753,SEZHUK-231205-269702,2023-12-06 15:12:00,72.67800000000001
754,SEZHUK-231205-269725,2023-12-08 05:54:00,2619.112
755,SEZHUK-231205-269728,2023-12-06 20:36:00,30.14
756,SEZHUK-231205-269729,2023-12-07 05:12:00,141.86299998333334
757,SEZHUK-231205-269730,2023-12-07 01:09:00,155.18800000000002
758,SEZHUK-231205-269744,2023-12-06 22:13:00,4.879
759,SEZHUK-231205-269756,2023-12-07 08:02:00,0.292
760,SEZHUK-231205-269762,2023-12-08 07:08:00,162.405
761,SEZHUK-231205-269913,2023-12-06 21:18:00,38.467
762,SEZHUK-231205-269918,2023-12-13 07:56:00,10359.107
763,SEZHUK-231205-269944,2023-12-12 03:50:00,2800.42
764,SEZHUK-231205-269956,2023-12-11 09:48:00,5768.518
765,SEZHUK-231205-269969,2023-12-07 15:43:00,69.52599998333334
766,SEZHUK-231205-269970,2023-12-07 00:10:00,40.237
767,SEZHUK-231205-270002,2023-12-07 11:04:00,39.357
768,SEZHUK-231205-270009,2023-12-08 05:21:00,53.174
769,SEZHUK-231205-270016,2023-12-22 15:57:00,37.2
770,SEZHUK-231205-270017,2023-12-13 17:04:00,64.83799998333333
771,SEZHUK-231205-270018,2023-12-21 15:36:00,13.892999983333334
772,SEZHUK-231205-270020,2023-12-20 16:26:00,55.957
773,SEZHUK-231205-270021,2023-12-13 15:46:00,71.639
774,SEZHUK-231205-270025,2023-12-14 16:50:00,122.38699998333333
775,SEZHUK-231205-270027,2023-12-13 17:05:00,100.32
776,SEZHUK-231205-270028,2023-12-21 17:17:00,77.69199998333333
777,SEZHUK-231205-270032,2023-12-15 17:05:00,44.485
778,SEZHUK-231205-270036,2023-12-06 20:22:00,7.329
779,SEZHUK-231205-270038,2023-12-07 19:06:00,1176.855
780,SEZHUK-231205-270040,2023-12-06 21:05:00,65.156
781,SEZHUK-231205-270042,2023-12-06 15:20:00,20.393
782,SEZHUK-231205-270066,2023-12-06 18:41:00,203.35
783,SEZHUK-231205-270077,2023-12-06 19:59:00,395.9449999833333
784,SEZHUK-231205-270082,2023-12-07 13:05:00,1259.377
785,SEZHUK-231206-270085,2023-12-07 08:02:00,163.28900000000002
786,SEZHUK-231206-270113,2023-12-11 09:44:00,4501.196
787,SEZHUK-231206-270115,2023-12-13 12:02:00,152.627
788,SEZHUK-231206-270120,2023-12-08 18:30:00,229.997
789,SEZHUK-231206-270127,2023-12-08 10:54:00,614.134
790,SEZHUK-231206-270171,2023-12-18 21:47:00,2.196
791,SEZHUK-231206-270235,2023-12-21 12:18:00,220.84
792,SEZHUK-231206-270260,2023-12-23 13:43:00,81.284
793,SEZHUK-231206-270263,2023-12-12 15:13:00,6389.2
794,SEZHUK-231206-270282,2023-12-07 13:17:00,17.209
795,SEZHUK-231206-270294,2023-12-13 07:34:00,8493.131
796,SEZHUK-231206-270308,2023-12-12 07:35:00,1442.246
797,SEZHUK-231206-270345,2023-12-08 12:54:00,1134.0839999999998
798,SEZHUK-231206-270348,2023-12-08 16:03:00,1220.411999983333
799,SEZHUK-231206-270409,2023-12-08 16:39:00,31.104
800,SEZHUK-231206-270776,2023-12-09 13:05:00,127.92499998333332
801,SEZHUK-231206-270799,2023-12-07 16:37:00,62.205000000000005
802,SEZHUK-231207-270823,2023-12-12 12:16:00,197.2509999833333
803,SEZHUK-231207-270977,2023-12-11 08:02:00,2.065
804,SEZHUK-231207-270978,2023-12-11 06:59:00,2.272
805,SEZHUK-231207-270979,2023-12-11 09:07:00,2.165
806,SEZHUK-231207-271045,2023-12-12 21:46:00,230.233
807,SEZHUK-231207-271047,2023-12-14 19:10:00,58.384
808,SEZHUK-231207-271062,2023-12-11 13:09:00,0.093
809,SEZHUK-231207-271075,2023-12-11 17:28:00,4.356
810,SEZHUK-231207-271079,2023-12-17 17:14:00,2.6540000000000004
811,SEZHUK-231207-271081,2023-12-12 17:51:00,4.7090000000000005
812,SEZHUK-231207-271121,2023-12-08 21:50:00,73.9
813,SEZHUK-231207-271148,2023-12-08 14:42:00,12.353
814,SEZHUK-231207-271321,2023-12-11 18:21:00,196.609
815,SEZHUK-231207-271422,2023-12-11 06:05:00,2308.399
816,SEZHUK-231207-271429,2023-12-09 10:26:00,1086.814
817,SEZHUK-231208-271445,2023-12-13 08:01:00,1.107
818,SEZHUK-231208-271446,2023-12-13 08:22:00,7.656000000000001
819,SEZHUK-231208-271448,2023-12-13 11:06:00,6.217
820,SEZHUK-231208-271486,2023-12-14 01:20:00,6.438999999999999
821,SEZHUK-231208-271511,2023-12-12 15:14:00,254.52099998333333
822,SEZHUK-231208-271530,2023-12-12 20:55:00,85.749
823,SEZHUK-231208-271531,2023-12-13 22:26:00,297.022
824,SEZHUK-231208-271532,2023-12-14 23:47:00,397.2339999833333
825,SEZHUK-231208-271533,2023-12-15 21:33:00,241.536
826,SEZHUK-231208-271593,2023-12-12 06:30:00,5.803
827,SEZHUK-231208-271595,2023-12-18 12:29:00,10352.472999983333
828,SEZHUK-231208-271601,2023-12-13 08:40:00,3067.6070000000004
829,SEZHUK-231208-271641,2023-12-11 08:02:00,4.951
830,SEZHUK-231208-271643,2023-12-11 09:18:00,262.20599998333336
831,SEZHUK-231208-271652,2023-12-13 12:13:00,2658.787
832,SEZHUK-231208-271661,2023-12-11 17:48:00,213.44
833,SEZHUK-231208-271670,2023-12-13 11:47:00,2642.13
834,SEZHUK-231208-271686,2023-12-11 17:19:00,125.397
835,SEZHUK-231208-271714,2023-12-11 21:26:00,1459.3489999833332
836,SEZHUK-231208-271718,2023-12-10 23:03:00,3.979
837,SEZHUK-231208-271720,2023-12-10 23:33:00,11.473999983333332
838,SEZHUK-231208-271730,2023-12-11 13:36:00,80.05799999999999
839,SEZHUK-231208-271733,2023-12-11 15:02:00,131.97499998333333
840,SEZHUK-231208-271745,2023-12-12 00:01:00,460.2379999833333
841,SEZHUK-231208-271752,2023-12-12 00:42:00,60.312
842,SEZHUK-231208-271753,2023-12-12 00:42:00,59.80199998333333
843,SEZHUK-231208-271757,2023-12-12 00:56:00,0.5619999833333333
844,SEZHUK-231209-271816,2023-12-11 20:16:00,106.4
845,SEZHUK-231209-271848,2023-12-12 09:42:00,1552.358
846,SEZHUK-231209-271860,2023-12-10 12:01:00,63.080000000000005
847,SEZHUK-231210-271907,2023-12-14 06:12:00,732.1829999833334
848,SEZHUK-231210-271952,2023-12-14 10:21:00,4496.384999999999
849,SEZHUK-231210-271954,2023-12-20 10:54:00,13123.675999983334
850,SEZHUK-231210-271957,2023-12-12 14:16:00,1846.974
851,SEZHUK-231210-271974,2023-12-14 06:05:00,1359.239
852,SEZHUK-231210-271978,2023-12-14 06:39:00,1255.3470000000002
853,SEZHUK-231210-271997,2023-12-14 16:54:00,326.673
854,SEZHUK-231210-271998,2023-12-14 10:56:00,20.459
855,SEZHUK-231210-272006,2023-12-14 14:09:00,24.89
856,SEZHUK-231210-272014,2023-12-14 04:36:00,2582.19
857,SEZHUK-231210-272031,2023-12-15 13:31:00,17.970000000000002
858,SEZHUK-231210-272035,2023-12-16 08:19:00,92.84299998333331
859,SEZHUK-231210-272042,2023-12-15 14:23:00,1.229
860,SEZHUK-231210-272055,2023-12-16 12:10:00,2.7509999833333336
861,SEZHUK-231210-272062,2023-12-17 04:50:00,1182.3949999833335
862,SEZHUK-231211-272112,2023-12-15 15:29:00,5759.79
863,SEZHUK-231211-272127,2023-12-13 15:01:00,22.938999983333336
864,SEZHUK-231211-272129,2023-12-12 16:12:00,279.856
865,SEZHUK-231211-272142,2023-12-13 11:38:00,1319.503
866,SEZHUK-231211-272222,2023-12-13 06:12:00,12.214
867,SEZHUK-231211-272240,2023-12-21 11:39:00,0.082
868,SEZHUK-231211-272264,2023-12-20 22:30:00,1.508
869,SEZHUK-231211-272282,2023-12-13 15:08:00,18.717
870,SEZHUK-231211-272288,2023-12-14 01:38:00,0.1809999833333333
871,SEZHUK-231211-272291,2023-12-14 08:02:00,7.247
872,SEZHUK-231211-272303,2023-12-14 08:04:00,24.633
873,SEZHUK-231211-272308,2023-12-13 08:18:00,1513.5220000000002
874,SEZHUK-231211-272309,2023-12-12 18:01:00,175.404
875,SEZHUK-231211-272316,2023-12-12 22:59:00,299.157
876,SEZHUK-231211-272319,2023-12-12 11:32:00,11.363
877,SEZHUK-231211-272321,2023-12-12 13:55:00,55.235
878,SEZHUK-231211-272322,2023-12-13 04:33:00,1234.516
879,SEZHUK-231211-272325,2023-12-13 10:20:00,477.674
880,SEZHUK-231211-272326,2023-12-12 12:11:00,42.48800000000001
881,SEZHUK-231211-272327,2023-12-13 07:12:00,530.27
882,SEZHUK-231211-272328,2023-12-13 02:34:00,352.66099998333334
883,SEZHUK-231211-272329,2023-12-13 02:08:00,312.3879999833333
884,SEZHUK-231211-272331,2023-12-12 15:40:00,237.371
885,SEZHUK-231211-272335,2023-12-13 04:04:00,368.261
886,SEZHUK-231211-272336,2023-12-13 04:02:00,306.39299998333337
887,SEZHUK-231211-272338,2023-12-13 05:56:00,472.562
888,SEZHUK-231211-272339,2023-12-13 02:40:00,56.71399998333333
889,SEZHUK-231211-272342,2023-12-12 17:13:00,166.2259999833333
890,SEZHUK-231212-272430,2023-12-15 08:02:00,2.017
891,SEZHUK-231212-272431,2023-12-15 06:32:00,1.3210000000000002
892,SEZHUK-231212-272432,2023-12-15 11:01:00,103.481
893,SEZHUK-231212-272473,2023-12-14 15:00:00,0.3429999999999999
894,SEZHUK-231212-272528,2023-12-14 08:18:00,1517.143
895,SEZHUK-231212-272534,2023-12-12 17:10:00,115.038
896,SEZHUK-231212-272584,2023-12-14 01:20:00,879.13
897,SEZHUK-231212-272585,2023-12-13 22:26:00,781.866
898,SEZHUK-231212-272586,2023-12-13 23:31:00,793.9159999999999
899,SEZHUK-231212-272587,2023-12-13 23:22:00,829.3449999999999
900,SEZHUK-231212-272588,2023-12-13 18:01:00,586.1069999833333
901,SEZHUK-231212-272593,2023-12-13 22:46:00,576.5089999833333
902,SEZHUK-231212-272599,2023-12-13 23:06:00,384.8370000000001
903,SEZHUK-231212-272601,2023-12-14 01:10:00,413.983
904,SEZHUK-231212-272602,2023-12-14 05:25:00,428.77900000000005
905,SEZHUK-231212-272603,2023-12-14 02:30:00,255.445
906,SEZHUK-231212-272604,2023-12-14 08:20:00,491.64
907,SEZHUK-231212-272605,2023-12-14 05:17:00,331.86800000000005
908,SEZHUK-231212-272606,2023-12-14 01:39:00,711.235
909,SEZHUK-231212-272607,2023-12-16 22:27:00,4191.878
910,SEZHUK-231212-272609,2023-12-13 19:41:00,41.199
911,SEZHUK-231212-272610,2023-12-15 12:54:00,3564.159
912,SEZHUK-231212-272613,2023-12-14 04:20:00,247.58499998333332
913,SEZHUK-231212-272618,2023-12-15 09:03:00,3.353
914,SEZHUK-231212-272631,2023-12-20 15:18:00,7209.531
915,SEZHUK-231212-272657,2023-12-13 18:28:00,101.791
916,SEZHUK-231212-272706,2023-12-22 02:58:00,127.365
917,SEZHUK-231212-272711,2023-12-22 01:37:00,67.508
918,SEZHUK-231212-272714,2023-12-20 02:42:00,22.865
919,SEZHUK-231212-272720,2023-12-20 08:07:00,195.518
920,SEZHUK-231212-272724,2023-12-21 12:19:00,213.534
921,SEZHUK-231212-272729,2023-12-28 05:30:00,30.088
922,SEZHUK-231212-272731,2023-12-19 11:58:00,29.919
923,SEZHUK-231212-272734,2023-12-21 01:50:00,4.09
924,SEZHUK-231212-272736,2023-12-21 06:23:00,175.382
925,SEZHUK-231212-272737,2023-12-22 05:16:00,151.531
926,SEZHUK-231212-272740,2023-12-19 02:03:00,4.638
927,SEZHUK-231212-272743,2023-12-21 00:27:00,93.361
928,SEZHUK-231213-272854,2023-12-19 00:31:00,25.85099998333333
929,SEZHUK-231213-272855,2023-12-19 06:59:00,2.205
930,SEZHUK-231213-272858,2023-12-19 10:02:00,2.28
931,SEZHUK-231213-272907,2023-12-17 11:42:00,3414.6109999833334
932,SEZHUK-231213-272911,2023-12-14 14:18:00,30.994000000000003
933,SEZHUK-231213-272922,2023-12-15 12:56:00,159.19799999999998
934,SEZHUK-231213-272931,2023-12-15 10:00:00,1754.5869999833333
935,SEZHUK-231213-272933,2023-12-14 16:38:00,38.042
936,SEZHUK-231213-272938,2023-12-14 23:54:00,815.711
937,SEZHUK-231213-272942,2023-12-14 12:39:00,114.291
938,SEZHUK-231213-272944,2023-12-16 04:45:00,2706.395
939,SEZHUK-231213-272945,2023-12-14 23:12:00,999.467
940,SEZHUK-231213-272946,2023-12-14 20:33:00,920.743
941,SEZHUK-231213-272948,2023-12-16 10:09:00,2913.397999983333
942,SEZHUK-231213-272953,2023-12-15 16:49:00,1273.0569999833335
943,SEZHUK-231213-272967,2023-12-14 23:54:00,73.63499998333333
944,SEZHUK-231213-272970,2023-12-15 08:04:00,422.15400000000005
945,SEZHUK-231213-272971,2023-12-15 01:26:00,156.57599998333333
946,SEZHUK-231213-272973,2023-12-15 12:26:00,566.091
947,SEZHUK-231213-272974,2023-12-15 10:59:00,550.4439999833334
948,SEZHUK-231213-272975,2023-12-16 10:41:00,1828.69
949,SEZHUK-231213-272977,2023-12-15 08:55:00,356.2849999833333
950,SEZHUK-231213-272996,2023-12-19 06:37:00,67.21
951,SEZHUK-231213-273019,2023-12-15 04:22:00,3.393
952,SEZHUK-231213-273020,2023-12-15 03:01:00,4.555000000000001
953,SEZHUK-231213-273038,2023-12-18 16:34:00,4264.754
954,SEZHUK-231213-273105,2023-12-15 07:28:00,3.553
955,SEZHUK-231213-273217,2023-12-15 09:46:00,1097.51
956,SEZHUK-231213-273243,2023-12-14 18:55:00,207.44
957,SEZHUK-231214-273295,2023-12-15 14:44:00,44.702
958,SEZHUK-231214-273300,2023-12-19 15:17:00,130.419
959,SEZHUK-231214-273467,2023-12-15 14:49:00,412.439
960,SEZHUK-231214-273468,2023-12-15 15:03:00,623.912
961,SEZHUK-231214-273523,2023-12-17 11:13:00,0.605
962,SEZHUK-231214-273558,2023-12-19 12:05:00,47.213
963,SEZHUK-231214-273574,2023-12-19 20:55:00,4615.886999983334
964,SEZHUK-231214-273586,2023-12-20 15:15:00,2966.074
965,SEZHUK-231214-273611,2023-12-17 16:04:00,265.96999998333337
966,SEZHUK-231214-273721,2023-12-22 02:19:00,2960.9339999833333
967,SEZHUK-231214-273813,2023-12-15 16:06:00,7.261
968,SEZHUK-231214-273987,2023-12-15 23:28:00,150.4989999833333
969,SEZHUK-231214-273990,2023-12-16 08:59:00,541.039
970,SEZHUK-231214-273991,2023-12-15 17:44:00,11.276999983333331
971,SEZHUK-231214-273999,2023-12-16 11:21:00,513.249
972,SEZHUK-231214-274002,2023-12-15 19:19:00,362.821
973,SEZHUK-231214-274003,2023-12-16 13:17:00,823.772
974,SEZHUK-231214-274005,2023-12-16 13:21:00,733.3979999999999
975,SEZHUK-231214-274009,2023-12-15 18:34:00,61.619
976,SEZHUK-231214-274022,2023-12-20 01:28:00,13.149
977,SEZHUK-231214-274052,2023-12-18 14:01:00,178.768
978,SEZHUK-231215-274090,2023-12-19 06:52:00,1.286
979,SEZHUK-231215-274115,2023-12-20 05:58:00,1.162
980,SEZHUK-231215-274117,2023-12-20 06:58:00,1.204
981,SEZHUK-231215-274326,2023-12-19 22:08:00,300.95300000000003
982,SEZHUK-231215-274339,2023-12-20 00:48:00,16.788
983,SEZHUK-231215-274344,2023-12-20 00:43:00,8.255
984,SEZHUK-231215-274347,2023-12-18 21:35:00,779.918
985,SEZHUK-231215-274364,2023-12-19 08:43:00,1487.45
986,SEZHUK-231215-274368,2023-12-19 14:09:00,1399.867
987,SEZHUK-231215-274369,2023-12-20 09:33:00,225.638
988,SEZHUK-231215-274370,2023-12-20 09:01:00,4.821
989,SEZHUK-231215-274404,2023-12-22 05:53:00,18.507
990,SEZHUK-231215-274415,2023-12-21 12:43:00,38.187
991,SEZHUK-231215-274417,2023-12-20 12:37:00,40.266
992,SEZHUK-231215-274434,2023-12-19 03:04:00,34.076
993,SEZHUK-231215-274447,2023-12-18 21:56:00,146.082
994,SEZHUK-231215-274451,2023-12-23 03:16:00,587.01
995,SEZHUK-231215-274457,2023-12-22 08:25:00,20.587
996,SEZHUK-231215-274476,2023-12-19 11:17:00,18.207
997,SEZHUK-231215-274538,2023-12-17 11:00:00,318.405
998,SEZHUK-231215-274548,2023-12-19 09:32:00,131.304
999,SEZHUK-231215-274562,2023-12-17 04:16:00,194.898
1000,SEZHUK-231215-274563,2023-12-20 15:50:00,7163.206
1001,SEZHUK-231215-274565,2023-12-16 22:41:00,483.077
1002,SEZHUK-231215-274568,2023-12-16 22:01:00,733.191
1003,SEZHUK-231215-274570,2023-12-18 08:45:00,1927.464
1004,SEZHUK-231215-274573,2023-12-17 18:03:00,521.972
1005,SEZHUK-231215-274574,2023-12-18 00:49:00,59.945
1006,SEZHUK-231215-274580,2023-12-18 12:31:00,143.194
1007,SEZHUK-231215-274585,2023-12-18 14:31:00,211.185
1008,SEZHUK-231215-274586,2023-12-18 19:50:00,459.747
1009,SEZHUK-231215-274587,2023-12-19 00:41:00,812.186
1010,SEZHUK-231215-274594,2023-12-19 22:58:00,1048.1699999999998
1011,SEZHUK-231215-274595,2023-12-19 01:01:00,85.30300000000001
1012,SEZHUK-231215-274596,2023-12-19 09:22:00,387.158
1013,SEZHUK-231215-274597,2023-12-19 01:58:00,132.53899998333333
1014,SEZHUK-231215-274600,2023-12-16 20:18:00,396.4620000000001
1015,SEZHUK-231215-274601,2023-12-16 19:03:00,127.372
1016,SEZHUK-231215-274604,2023-12-16 14:53:00,40.17199998333333
1017,SEZHUK-231215-274608,2023-12-16 22:17:00,278.642
1018,SEZHUK-231215-274610,2023-12-17 18:59:00,491.596
1019,SEZHUK-231215-274611,2023-12-17 12:22:00,87.04999998333332
1020,SEZHUK-231215-274612,2023-12-17 22:40:00,178.26599998333333
1021,SEZHUK-231215-274614,2023-12-18 01:21:00,255.061
1022,SEZHUK-231215-274617,2023-12-18 04:17:00,300.47900000000004
1023,SEZHUK-231215-274618,2023-12-18 03:33:00,203.02
1024,SEZHUK-231215-274622,2023-12-18 08:27:00,721.8639999833334
1025,SEZHUK-231215-274624,2023-12-17 11:59:00,606.591
1026,SEZHUK-231215-274625,2023-12-17 10:51:00,357.158
1027,SEZHUK-231215-274628,2023-12-16 09:05:00,965.223
1028,SEZHUK-231215-274629,2023-12-19 21:20:00,2131.3160000000003
1029,SEZHUK-231215-274632,2023-12-18 04:27:00,1768.561
1030,SEZHUK-231215-274639,2023-12-16 12:44:00,1184.3659999833333
1031,SEZHUK-231215-274647,2023-12-19 05:04:00,131.994
1032,SEZHUK-231215-274654,2023-12-19 03:08:00,159.31
1033,SEZHUK-231215-274660,2023-12-19 19:50:00,1807.448
1034,SEZHUK-231215-274661,2023-12-17 10:46:00,13.597
1035,SEZHUK-231215-274664,2023-12-18 16:15:00,466.284
1036,SEZHUK-231215-274666,2023-12-17 11:19:00,394.55899998333336
1037,SEZHUK-231216-274748,2023-12-21 06:46:00,4429.419
1038,SEZHUK-231216-274752,2023-12-18 07:22:00,76.29400000000001
1039,SEZHUK-231216-274798,2023-12-21 04:43:00,405.339
1040,SEZHUK-231216-274813,2023-12-21 13:01:00,2344.156
1041,SEZHUK-231216-274819,2023-12-20 09:03:00,2696.2089999833333
1042,SEZHUK-231216-274828,2023-12-18 17:04:00,123.861
1043,SEZHUK-231217-274937,2023-12-19 11:00:00,328.853
1044,SEZHUK-231217-274950,2023-12-19 15:32:00,676.1080000000001
1045,SEZHUK-231217-274951,2023-12-19 16:07:00,711.1349999833333
1046,SEZHUK-231217-274952,2023-12-19 15:41:00,670.7039999833333
1047,SEZHUK-231217-274955,2023-12-20 11:25:00,204.093
1048,SEZHUK-231217-274958,2023-12-19 15:10:00,593.443
1049,SEZHUK-231217-274961,2023-12-20 22:06:00,791.7990000000001
1050,SEZHUK-231217-274963,2023-12-19 13:26:00,216.606
1051,SEZHUK-231217-274987,2023-12-21 13:42:00,558.494
1052,SEZHUK-231217-274995,2023-12-22 08:41:00,83.494
1053,SEZHUK-231217-275007,2023-12-21 04:03:00,29.226
1054,SEZHUK-231217-275016,2023-12-24 07:52:00,2914.179
1055,SEZHUK-231217-275034,2023-12-28 02:19:00,8272.416000000001
1056,SEZHUK-231217-275038,2023-12-23 18:41:00,583.25
1057,SEZHUK-231217-275041,2023-12-23 15:41:00,514.747
1058,SEZHUK-231217-275049,2023-12-23 07:50:00,136.74799998333336
1059,SEZHUK-231217-275059,2023-12-23 04:56:00,83.753
1060,SEZHUK-231218-275118,2023-12-21 08:30:00,25.692
1061,SEZHUK-231218-275130,2023-12-20 13:24:00,1467.5069999833331
1062,SEZHUK-231218-275145,2023-12-22 07:40:00,294.83700000000005
1063,SEZHUK-231218-275146,2023-12-22 13:51:00,697.3979999999999
1064,SEZHUK-231218-275152,2023-12-29 05:04:00,2885.213999983333
1065,SEZHUK-231218-275159,2023-12-21 01:15:00,1.416
1066,SEZHUK-231218-275173,2023-12-19 15:42:00,43.325
1067,SEZHUK-231218-275179,2023-12-22 07:00:00,1024.383
1068,SEZHUK-231218-275180,2023-12-20 11:32:00,1553.854
1069,SEZHUK-231218-275189,2023-12-22 08:12:00,1096.624
1070,SEZHUK-231218-275196,2023-12-20 06:56:00,31.826
1071,SEZHUK-231218-275225,2023-12-20 05:42:00,33.165
1072,SEZHUK-231218-275252,2023-12-20 10:24:00,1587.331
1073,SEZHUK-231218-275254,2023-12-19 12:19:00,46.279
1074,SEZHUK-231218-275255,2023-12-20 07:23:00,1497.029
1075,SEZHUK-231218-275258,2023-12-19 14:07:00,87.40299998333333
1076,SEZHUK-231218-275260,2023-12-19 21:53:00,989.439
1077,SEZHUK-231218-275263,2023-12-20 07:19:00,1193.929
1078,SEZHUK-231218-275265,2023-12-19 13:14:00,14.069
1079,SEZHUK-231218-275266,2023-12-19 21:51:00,120.728
1080,SEZHUK-231218-275268,2023-12-21 03:43:00,1433.019
1081,SEZHUK-231218-275270,2023-12-21 02:23:00,1417.215
1082,SEZHUK-231218-275275,2023-12-20 21:52:00,2203.089
1083,SEZHUK-231218-275276,2023-12-20 04:31:00,1301.7849999833334
1084,SEZHUK-231218-275280,2023-12-20 01:08:00,1148.389
1085,SEZHUK-231218-275281,2023-12-21 08:38:00,1841.935
1086,SEZHUK-231218-275284,2023-12-19 22:15:00,307.733
1087,SEZHUK-231218-275285,2023-12-23 17:55:00,5512.460999999999
1088,SEZHUK-231218-275301,2023-12-20 04:34:00,3.319999983333333
1089,SEZHUK-231218-275314,2023-12-20 02:18:00,0.801
1090,SEZHUK-231219-275380,2023-12-21 13:18:00,321.20300000000003
1091,SEZHUK-231219-275393,2023-12-21 09:48:00,117.779
1092,SEZHUK-231219-275409,2023-12-21 16:41:00,42.431
1093,SEZHUK-231219-275419,2023-12-21 04:13:00,4.83
1094,SEZHUK-231219-275425,2023-12-21 10:19:00,1276.32
1095,SEZHUK-231219-275427,2023-12-20 15:32:00,35.273
1096,SEZHUK-231219-275472,2023-12-22 10:51:00,171.929
1097,SEZHUK-231219-275490,2023-12-22 07:16:00,2839.404
1098,SEZHUK-231219-275504,2023-12-30 15:49:00,921.489
1099,SEZHUK-231219-275605,2023-12-21 19:49:00,1019.314
1100,SEZHUK-231219-275606,2023-12-21 04:34:00,1004.336
1101,SEZHUK-231219-275608,2023-12-23 17:56:00,5062.194999983333
1102,SEZHUK-231219-275612,2023-12-21 19:54:00,1587.3529999833331
1103,SEZHUK-231219-275613,2023-12-21 08:52:00,1126.12
1104,SEZHUK-231219-275614,2023-12-20 22:13:00,614.9199999833332
1105,SEZHUK-231219-275616,2023-12-20 23:07:00,319.652
1106,SEZHUK-231219-275620,2023-12-21 06:24:00,1240.109
1107,SEZHUK-231219-275623,2023-12-21 23:15:00,1504.944
1108,SEZHUK-231219-275625,2023-12-21 06:09:00,558.4069999999999
1109,SEZHUK-231219-275627,2023-12-21 09:35:00,507.902
1110,SEZHUK-231219-275629,2023-12-21 23:15:00,1354.944
1111,SEZHUK-231219-275671,2023-12-21 13:18:00,220.182
1112,SEZHUK-231220-275755,2023-12-22 05:17:00,65.083
1113,SEZHUK-231220-275757,2023-12-22 04:41:00,4.626
1114,SEZHUK-231220-275766,2023-12-21 15:51:00,3.5290000000000004
1115,SEZHUK-231220-275815,2023-12-22 14:17:00,438.062
1116,SEZHUK-231220-275869,2023-12-29 15:45:00,0.66
1117,SEZHUK-231220-276082,2023-12-21 19:14:00,59.048
1118,SEZHUK-231220-276089,2023-12-21 19:37:00,754.2919999999999
1119,SEZHUK-231220-276100,2023-12-22 00:51:00,1041.152
1120,SEZHUK-231220-276105,2023-12-21 14:40:00,68.23799998333332
1121,SEZHUK-231220-276106,2023-12-22 09:53:00,765.115
1122,SEZHUK-231220-276107,2023-12-22 15:31:00,1176.822
1123,SEZHUK-231220-276113,2023-12-21 16:37:00,109.98499998333334
1124,SEZHUK-231220-276114,2023-12-22 23:00:00,1088.101
1125,SEZHUK-231220-276116,2023-12-22 19:41:00,952.676
1126,SEZHUK-231220-276120,2023-12-22 21:13:00,876.659
1127,SEZHUK-231220-276124,2023-12-22 15:06:00,681.2509999833333
1128,SEZHUK-231220-276126,2023-12-22 14:15:00,570.124
1129,SEZHUK-231220-276132,2023-12-21 20:16:00,799.5930000000001
1130,SEZHUK-231221-276179,2023-12-23 07:01:00,36.368
1131,SEZHUK-231221-276181,2023-12-27 22:00:00,1113.0539999833334
1132,SEZHUK-231221-276230,2023-12-26 23:17:00,348.0469999833333
1133,SEZHUK-231221-276233,2023-12-28 00:09:00,416.805
1134,SEZHUK-231221-276241,2023-12-27 23:42:00,173.204
1135,SEZHUK-231221-276271,2023-12-29 18:05:00,10109.841
1136,SEZHUK-231221-276275,2023-12-29 18:13:00,3055.015
1137,SEZHUK-231221-276276,2023-12-27 08:43:00,18.5
1138,SEZHUK-231221-276297,2023-12-23 11:47:00,38.502
1139,SEZHUK-231221-276302,2023-12-23 12:09:00,104.483
1140,SEZHUK-231221-276311,2023-12-28 07:48:00,8443.761999999999
1141,SEZHUK-231221-276326,2023-12-23 11:34:00,48.276
1142,SEZHUK-231221-276331,2023-12-22 12:08:00,38.087
1143,SEZHUK-231221-276332,2023-12-22 13:20:00,94.652
1144,SEZHUK-231221-276339,2023-12-23 11:44:00,1157.608
1145,SEZHUK-231221-276348,2023-12-22 21:40:00,637.02
1146,SEZHUK-231221-276349,2023-12-23 18:18:00,1452.4459999833334
1147,SEZHUK-231221-276352,2023-12-23 12:05:00,709.0129999833333
1148,SEZHUK-231221-276353,2023-12-23 17:39:00,1174.998
1149,SEZHUK-231221-276355,2023-12-23 08:51:00,840.6119999833334
1150,SEZHUK-231221-276356,2023-12-23 07:16:00,471.447
1151,SEZHUK-231221-276358,2023-12-23 18:49:00,1049.142
1152,SEZHUK-231222-276487,2023-12-29 06:20:00,1103.346
1153,SEZHUK-231222-276488,2023-12-28 10:45:00,20.483
1154,SEZHUK-231222-276492,2023-12-30 11:55:00,3291.111
1155,SEZHUK-231222-276497,2023-12-28 20:58:00,156.90200000000002
1156,SEZHUK-231222-276507,2023-12-28 06:58:00,224.89499998333332
1157,SEZHUK-231222-276513,2023-12-28 17:06:00,355.586
1158,SEZHUK-231222-276518,2023-12-28 23:22:00,394.459
1159,SEZHUK-231222-276525,2023-12-27 09:29:00,59.04299998333333
1160,SEZHUK-231222-276532,2023-12-28 07:32:00,1467.5289999833333
1161,SEZHUK-231222-276579,2023-12-24 19:57:00,1014.505
1162,SEZHUK-231222-276581,2023-12-24 19:20:00,844.1360000000001
1163,SEZHUK-231222-276584,2023-12-29 11:00:00,1439.017
1164,SEZHUK-231222-276599,2023-12-27 20:41:00,64.369
1165,SEZHUK-231222-276607,2023-12-28 02:49:00,227.935
1166,SEZHUK-231223-276621,2023-12-24 12:13:00,0.7189999833333334
1167,SEZHUK-231223-276632,2023-12-27 22:53:00,631.0609999833334
1168,SEZHUK-231223-276638,2023-12-27 12:09:00,0.405
1169,SEZHUK-231223-276649,2023-12-27 10:00:00,0.9739999833333334
1170,SEZHUK-231223-276650,2023-12-27 13:36:00,327.2769999833333
1171,SEZHUK-231223-276672,2023-12-28 09:21:00,18.644
1172,SEZHUK-231223-276673,2023-12-29 09:53:00,1609.0980000000002
1173,SEZHUK-231223-276701,2023-12-30 09:53:00,1316.328
1174,SEZHUK-231223-276712,2023-12-28 13:34:00,588.688
1175,SEZHUK-231223-276713,2023-12-28 12:46:00,17.548000000000002
1176,SEZHUK-231223-276721,2023-12-29 22:35:00,1.366
1177,SEZHUK-231223-276727,2023-12-30 13:02:00,11.857
1178,SEZHUK-231223-276731,2023-12-29 14:10:00,9061.1
1179,SEZHUK-231226-276770,2023-12-27 22:11:00,131.325
1180,SEZHUK-231226-276771,2023-12-28 19:29:00,82.91499999999999
1181,SEZHUK-231227-276819,2023-12-27 14:56:00,1.617
1182,SEZHUK-231227-276821,2023-12-28 15:25:00,29.897
1183,SEZHUK-231227-276822,2023-12-28 13:31:00,32.419000000000004
1184,SEZHUK-231227-276827,2023-12-28 08:05:00,150.95499999999998
1185,SEZHUK-231227-276835,2023-12-29 10:55:00,198.962
1186,SEZHUK-231227-276847,2023-12-29 08:05:00,25.906
1187,SEZHUK-231227-276860,2023-12-29 18:13:00,115.015
1188,SEZHUK-231227-276870,2023-12-29 11:45:00,41.679
1189,SEZHUK-231227-276885,2023-12-27 16:37:00,62.602
1190,SEZHUK-231227-276886,2023-12-28 01:05:00,41.10599998333333
1191,SEZHUK-231227-276894,2023-12-29 01:21:00,46.999
1192,SEZHUK-231227-276908,2023-12-30 10:53:00,27.489
1193,SEZHUK-231227-276909,2023-12-30 21:07:00,162.799
1194,SEZHUK-231227-276913,2023-12-29 10:39:00,75.93999998333334
1195,SEZHUK-231228-277041,2023-12-28 15:42:00,0.791
1196,SEZHUK-231228-277077,2023-12-30 11:08:00,22.044
1197,SEZHUK-231228-277303,2023-12-30 09:23:00,233.143
1198,SEZHUK-231228-277305,2023-12-30 10:18:00,288.728
1199,SEZHUK-231228-277309,2023-12-29 15:21:00,21.145
1200,SEZHUK-231228-277310,2023-12-29 18:05:00,65.15299999999999
1201,SEZHUK-231228-277315,2023-12-29 20:57:00,447.163
1202,SEZHUK-231228-277382,2023-12-29 16:06:00,29.377
